"STATE/UT","YEAR","DG/ ADG","IG","DIG","SSP/SP/ Ad.SP","ASP/ DySP","Insepctor","Sub Inspector","Asst. Sub Inspector","Head Constable","Below HC above Constable","Constables","TOTAL"
"ANDHRA PRADESH","2001",0,0,0,0,0,0,26,0,47,0,1106,1179
"ARUNACHAL PRADESH","2001",0,0,0,0,0,0,8,5,11,0,114,138
"ASSAM","2001",0,0,0,0,0,0,20,5,16,16,331,388
"BIHAR","2001",0,0,0,1,1,1,49,10,30,8,784,884
"CHHATTISGARH","2001",0,0,0,0,0,25,39,12,92,0,274,442
"GOA","2001",0,0,0,0,1,6,2,2,27,0,195,233
"GUJARAT","2001",0,1,1,1,0,11,30,108,236,0,1297,1685
"HARYANA","2001",0,0,0,0,0,0,9,12,46,0,168,235
"HIMACHAL PRADESH","2001",0,0,0,2,3,6,18,11,20,6,545,611
"JAMMU & KASHMIR","2001",0,0,1,2,6,9,18,13,9,0,1374,1432
"JHARKHAND","2001",NA,NA,NA,NA,NA,NA,NA,NA,NA,NA,NA,NA
"KARNATAKA","2001",0,0,0,0,0,2,30,11,318,0,813,1174
"KERALA","2001",0,0,0,0,1,11,44,0,130,0,280,466
"MADHYA PRADESH","2001",0,0,0,0,1,14,69,64,194,841,9,1192
"MAHARASHTRA","2001",0,1,1,4,12,0,213,0,0,0,0,231
"MANIPUR","2001",0,0,0,0,0,0,2,0,3,3,242,250
"MEGHALAYA","2001",0,0,0,0,0,1,9,25,0,0,96,131
"MIZORAM","2001",0,0,0,0,0,4,3,6,2,0,80,95
"NAGALAND","2001",0,0,0,2,5,7,33,30,68,99,593,837
"ODISHA","2001",0,0,0,0,1,10,38,36,0,0,231,316
"PUNJAB","2001",0,0,0,6,2,7,28,34,123,0,851,1051
"RAJASTHAN","2001",0,0,0,2,2,2,36,17,23,0,640,722
"SIKKIM","2001",0,0,0,1,0,0,19,0,88,0,0,108
"TAMIL NADU","2001",2,1,1,6,26,78,115,0,483,464,3052,4228
"TRIPURA","2001",0,0,0,1,2,1,15,17,6,0,171,213
"UTTAR PRADESH","2001",0,1,2,7,24,11,181,0,140,0,1536,1902
"UTTARAKHAND","2001",0,0,0,0,1,0,5,0,9,0,159,174
"WEST BENGAL","2001",0,0,1,3,7,15,108,85,0,0,798,1017
"TOTAL (STATES)","2001",2,4,7,38,95,221,1167,503,2121,1437,15739,21334
"A & N ISLANDS","2001",0,0,0,0,0,0,2,7,13,0,88,110
"CHANDIGARH","2001",0,0,0,0,0,1,19,6,16,0,190,232
"D & N HAVELI","2001",0,0,0,0,0,0,2,0,3,0,16,21
"DAMAN & DIU","2001",0,0,0,0,0,0,0,0,0,0,3,3
"DELHI","2001",0,0,0,0,1,62,157,246,610,0,1017,2093
"LAKSHADWEEP","2001",0,0,0,0,0,0,0,0,1,0,16,17
"PUDUCHERRY","2001",0,0,0,0,0,1,1,1,6,0,70,79
"TOTAL (UTs)","2001",0,0,0,0,1,64,181,260,649,0,1400,2555
"TOTAL (ALL-INDIA)","2001",2,4,7,38,96,285,1348,763,2770,1437,17139,23889
"ANDHRA PRADESH","2002",0,0,0,0,0,0,25,0,47,0,1228,1300
"ARUNACHAL PRADESH","2002",0,0,0,0,0,0,8,5,11,0,114,138
"ASSAM","2002",0,0,0,0,0,0,20,5,16,16,331,388
"BIHAR","2002",0,0,0,4,4,1,51,11,25,0,805,901
"CHHATTISGARH","2002",0,0,0,0,0,25,39,12,92,0,274,442
"GOA","2002",0,0,0,0,1,7,6,6,34,0,214,268
"GUJARAT","2002",0,0,0,0,0,11,32,107,252,0,1256,1658
"HARYANA","2002",0,0,0,0,0,4,20,36,75,0,368,503
"HIMACHAL PRADESH","2002",0,0,0,2,3,6,20,10,26,6,560,633
"JAMMU & KASHMIR","2002",0,0,1,2,6,9,18,13,9,0,1374,1432
"JHARKHAND","2002",0,3,1,4,2,0,27,31,27,0,0,95
"KARNATAKA","2002",0,0,0,0,0,2,36,25,371,0,1135,1569
"KERALA","2002",0,0,0,0,1,11,51,0,130,0,300,493
"MADHYA PRADESH","2002",0,1,2,8,39,10,151,45,734,0,1018,2008
"MAHARASHTRA","2002",0,1,1,5,20,18,260,125,293,235,3423,4381
"MANIPUR","2002",0,0,0,0,0,0,2,0,3,3,242,250
"MEGHALAYA","2002",0,0,0,1,3,1,9,25,0,0,96,135
"MIZORAM","2002",0,0,0,1,1,15,44,42,56,56,269,484
"NAGALAND","2002",0,0,0,2,5,7,33,30,68,99,581,825
"ODISHA","2002",0,0,0,0,1,10,38,39,0,0,241,329
"PUNJAB","2002",0,0,0,6,2,7,28,34,123,0,851,1051
"RAJASTHAN","2002",0,0,0,2,2,2,36,17,23,0,640,722
"SIKKIM","2002",0,0,0,1,0,8,13,0,0,6,127,155
"TAMIL NADU","2002",2,1,1,4,31,105,118,0,776,791,5205,7034
"TRIPURA","2002",0,0,0,1,1,1,17,15,0,0,175,210
"UTTAR PRADESH","2002",0,0,2,5,25,11,181,0,140,0,1536,1900
"UTTARAKHAND","2002",1,0,0,0,1,0,9,0,8,0,261,280
"WEST BENGAL","2002",0,0,1,2,10,16,137,76,0,0,866,1108
"TOTAL (STATES)","2002",3,6,9,50,158,287,1429,709,3339,1212,23490,30692
"A & N ISLANDS","2002",0,0,0,0,1,0,2,7,13,0,117,140
"CHANDIGARH","2002",0,0,0,0,0,0,20,8,13,0,190,231
"D & N HAVELI","2002",0,0,0,0,0,0,0,0,0,0,0,0
"DAMAN & DIU","2002",0,0,0,0,0,0,0,0,0,0,0,0
"DELHI","2002",0,0,0,0,1,60,157,245,592,0,1045,2100
"LAKSHADWEEP","2002",0,0,0,0,0,0,0,0,1,0,16,17
"PUDUCHERRY","2002",0,0,0,0,0,1,1,1,6,0,70,79
"TOTAL (UTs)","2002",0,0,0,0,2,61,180,261,625,0,1438,2567
"TOTAL (ALL-INDIA)","2002",3,6,9,50,160,348,1609,970,3964,1212,24928,33259
"ANDHRA PRADESH","2003",0,0,0,0,0,0,28,0,49,0,1251,1328
"ARUNACHAL PRADESH","2003",0,0,0,0,0,0,8,5,11,0,114,138
"ASSAM","2003",0,0,0,0,0,0,20,5,16,16,331,388
"BIHAR","2003",0,0,0,4,3,1,50,10,22,0,800,890
"CHHATTISGARH","2003",0,0,0,0,5,3,56,667,54,0,258,1043
"GOA","2003",0,0,0,0,2,7,6,10,24,0,180,229
"GUJARAT","2003",0,0,0,0,0,8,32,123,257,0,1212,1632
"HARYANA","2003",0,1,0,5,2,4,20,36,48,0,461,577
"HIMACHAL PRADESH","2003",0,0,0,2,3,6,20,10,22,0,533,596
"JAMMU & KASHMIR","2003",0,0,1,2,6,9,18,13,9,0,1374,1432
"JHARKHAND","2003",0,0,0,0,0,0,11,12,6,0,229,258
"KARNATAKA","2003",0,0,0,2,4,19,65,121,699,0,1882,2792
"KERALA","2003",0,0,0,1,0,16,58,0,177,0,1139,1391
"MADHYA PRADESH","2003",0,1,1,4,36,14,100,47,734,0,1018,1955
"MAHARASHTRA","2003",0,1,0,6,17,19,267,156,385,386,4334,5571
"MANIPUR","2003",0,0,0,0,0,0,3,2,1,3,238,247
"MEGHALAYA","2003",0,0,0,2,1,3,0,32,0,0,96,134
"MIZORAM","2003",0,0,0,0,0,4,33,45,78,0,103,263
"NAGALAND","2003",0,0,0,0,1,0,0,0,0,0,24,25
"ODISHA","2003",0,0,0,0,1,12,39,41,0,0,241,334
"PUNJAB","2003",0,0,0,6,2,7,28,34,123,0,851,1051
"RAJASTHAN","2003",0,0,0,2,2,2,47,6,32,0,1062,1153
"SIKKIM","2003",0,0,0,1,0,8,13,0,0,6,127,155
"TAMIL NADU","2003",2,1,1,4,31,108,518,0,1505,711,6643,9524
"TRIPURA","2003",0,0,0,1,1,1,17,15,0,0,175,210
"UTTAR PRADESH","2003",0,0,2,5,28,11,182,0,140,0,1539,1907
"UTTARAKHAND","2003",1,0,0,0,0,0,19,0,7,0,394,421
"TOTAL (STATES)","2003",3,4,5,47,145,262,1658,1390,4399,1122,26609,35644
"WEST BENGAL","2003",0,0,2,1,10,17,139,85,7,0,871,1132
"A & N ISLANDS","2003",0,0,0,0,1,0,4,9,13,0,119,146
"CHANDIGARH","2003",0,0,0,0,0,0,20,8,13,0,190,231
"D & N HAVELI","2003",0,0,0,0,0,0,2,0,3,0,4,9
"DAMAN & DIU","2003",0,0,0,0,0,0,0,0,0,0,0,0
"DELHI","2003",0,0,0,0,1,61,154,243,595,0,1074,2128
"LAKSHADWEEP","2003",0,0,0,0,0,0,1,0,1,0,16,18
"PUDUCHERRY","2003",0,0,0,0,0,1,1,1,6,0,70,79
"TOTAL (UTs)","2003",0,0,0,0,2,62,182,261,631,0,1473,2611
"TOTAL (ALL-INDIA)","2003",0,0,2,1,12,79,321,346,638,0,2344,3743
"ANDHRA PRADESH","2004",0,0,0,0,0,0,35,0,50,0,1266,1351
"ARUNACHAL PRADESH","2004",0,0,0,0,0,0,8,5,11,0,114,138
"ASSAM","2004",0,0,0,0,0,0,20,5,16,16,331,388
"BIHAR","2004",0,0,0,4,3,1,50,10,22,0,800,890
"CHHATTISGARH","2004",0,0,0,0,5,3,56,667,54,0,258,1043
"GOA","2004",0,0,0,0,2,7,6,10,24,0,167,216
"GUJARAT","2004",0,0,0,0,0,8,32,123,257,0,1212,1632
"HARYANA","2004",0,0,0,0,0,4,20,36,75,0,748,883
"HIMACHAL PRADESH","2004",0,0,0,2,4,10,17,9,24,0,527,593
"JAMMU & KASHMIR","2004",0,0,1,2,6,9,18,13,9,0,1374,1432
"JHARKHAND","2004",0,0,0,0,0,0,11,12,6,0,229,258
"KARNATAKA","2004",0,0,0,4,8,36,120,215,1202,0,3452,5037
"KERALA","2004",0,0,0,1,0,16,58,0,177,0,1139,1391
"MADHYA PRADESH","2004",0,1,1,4,36,14,100,47,734,0,1018,1955
"MAHARASHTRA","2004",0,2,0,8,16,39,267,212,578,524,5637,7283
"MANIPUR","2004",0,0,0,0,0,0,3,2,1,3,235,244
"MEGHALAYA","2004",0,0,0,2,1,3,0,32,0,0,96,134
"MIZORAM","2004",0,0,0,0,0,4,33,45,78,0,103,263
"NAGALAND","2004",0,0,0,0,1,0,0,0,0,0,24,25
"ODISHA","2004",0,0,0,0,1,12,39,38,0,0,241,331
"PUNJAB","2004",0,0,0,0,0,21,48,106,240,0,1100,1515
"RAJASTHAN","2004",0,0,0,0,2,2,54,35,43,0,1550,1686
"SIKKIM","2004",0,0,0,1,1,4,17,0,1,0,93,117
"TAMIL NADU","2004",2,1,2,25,26,179,719,0,722,387,7755,9818
"TRIPURA","2004",0,0,0,1,2,0,17,11,0,0,193,224
"UTTAR PRADESH","2004",0,0,1,6,26,11,182,0,140,0,1539,1905
"UTTARAKHAND","2004",1,0,0,0,1,1,22,0,7,0,437,469
"WEST BENGAL","2004",0,1,1,2,9,17,147,94,7,0,877,1155
"TOTAL (STATES)","2004",3,5,6,62,150,401,2099,1727,4478,930,32515,42376
"A & N ISLANDS","2004",0,0,0,1,1,0,8,6,10,0,127,153
"CHANDIGARH","2004",0,0,0,0,0,0,20,8,13,0,190,231
"D & N HAVELI","2004",0,0,0,0,0,0,2,0,2,0,4,8
"DAMAN & DIU","2004",0,0,0,0,0,0,0,0,0,0,0,0
"DELHI","2004",0,0,0,0,8,71,142,241,611,0,1096,2169
"LAKSHADWEEP","2004",0,0,0,0,0,0,0,0,0,0,0,0
"PUDUCHERRY","2004",0,0,0,0,0,2,1,2,4,0,70,79
"TOTAL (UTs)","2004",0,0,0,1,9,73,173,257,640,0,1487,2640
"TOTAL (ALL-INDIA)","2004",3,5,6,63,159,474,2272,1984,5118,930,34002,45016
"ANDHRA PRADESH","2005",1,1,2,7,2,8,45,0,52,0,1275,1393
"ARUNACHAL PRADESH","2005",0,0,0,0,0,0,8,5,11,0,114,138
"ASSAM","2005",0,0,0,0,0,0,20,5,16,16,331,388
"BIHAR","2005",0,0,0,4,3,1,50,10,22,0,800,890
"CHHATTISGARH","2005",0,0,0,0,0,4,63,15,63,0,425,570
"GOA","2005",0,0,0,0,1,6,7,9,42,0,166,231
"GUJARAT","2005",0,0,0,0,0,8,32,123,257,0,1212,1632
"HARYANA","2005",0,0,0,1,0,23,47,29,66,0,663,829
"HIMACHAL PRADESH","2005",0,0,0,2,4,10,17,9,24,0,524,590
"JAMMU & KASHMIR","2005",0,1,0,4,9,18,79,59,55,335,1004,1564
"JHARKHAND","2005",0,0,0,0,0,0,11,12,6,0,229,258
"KARNATAKA","2005",0,0,0,2,4,17,79,118,828,0,2484,3532
"KERALA","2005",0,0,0,1,1,21,59,0,170,0,1766,2018
"MADHYA PRADESH","2005",0,1,1,4,36,14,100,47,734,0,1018,1955
"MAHARASHTRA","2005",0,2,0,8,16,39,267,212,578,524,5637,7283
"MANIPUR","2005",0,0,0,0,0,0,5,2,6,0,221,234
"MEGHALAYA","2005",0,0,0,2,3,4,30,0,4,0,82,125
"MIZORAM","2005",0,0,0,0,0,0,0,0,0,0,0,0
"NAGALAND","2005",0,0,0,0,1,0,1,0,0,0,18,20
"ODISHA","2005",0,0,0,0,1,11,40,30,0,0,241,323
"PUNJAB","2005",0,0,0,0,0,21,48,106,240,0,1100,1515
"RAJASTHAN","2005",0,0,0,0,2,2,84,33,33,0,1096,1250
"SIKKIM","2005",0,0,0,2,0,8,23,1,1,0,143,178
"TAMIL NADU","2005",2,1,2,25,26,178,689,0,682,387,7755,9747
"TRIPURA","2005",0,0,0,1,2,0,17,11,0,0,193,224
"UTTAR PRADESH","2005",0,0,1,9,26,11,127,0,104,0,1852,2130
"UTTARAKHAND","2005",1,0,0,1,0,1,30,0,10,0,392,435
"WEST BENGAL","2005",0,0,1,3,10,16,139,107,7,0,1035,1318
"TOTAL (STATES)","2005",4,6,7,76,147,421,2117,943,4011,1262,31776,40770
"A & N ISLANDS","2005",0,0,0,0,0,0,9,3,15,0,142,169
"CHANDIGARH","2005",0,0,0,0,0,0,21,9,11,0,220,261
"D & N HAVELI","2005",0,0,0,0,0,0,2,0,2,0,4,8
"DAMAN & DIU","2005",0,0,0,0,0,0,0,0,0,0,0,0
"DELHI","2005",0,0,0,0,1,69,146,285,707,0,987,2195
"LAKSHADWEEP","2005",0,0,0,0,0,0,0,0,1,0,15,16
"PUDUCHERRY","2005",0,0,0,1,1,1,1,2,6,0,88,100
"TOTAL (UTs)","2005",0,0,0,1,2,70,179,299,742,0,1456,2749
"TOTAL (ALL-INDIA)","2005",4,6,7,77,149,491,2296,1242,4753,1262,33232,43519
"ANDHRA PRADESH","2006",1,1,2,7,2,2,36,0,52,0,1222,1325
"ARUNACHAL PRADESH","2006",0,0,0,0,0,2,5,6,11,0,259,283
"ASSAM","2006",0,0,0,0,0,0,20,5,16,16,331,388
"BIHAR","2006",0,0,0,0,3,1,43,26,27,0,776,876
"CHHATTISGARH","2006",0,0,0,2,14,0,0,653,0,0,3,672
"GOA","2006",0,0,0,1,1,6,9,8,65,0,145,235
"GUJARAT","2006",0,0,0,0,0,11,45,226,476,0,1705,2463
"HARYANA","2006",0,0,0,1,0,4,40,36,65,0,675,821
"HIMACHAL PRADESH","2006",0,0,0,3,5,9,18,8,34,0,514,591
"JAMMU & KASHMIR","2006",0,1,0,4,9,20,83,58,65,1316,111,1667
"JHARKHAND","2006",0,0,0,0,0,0,8,46,46,0,530,630
"KARNATAKA","2006",0,0,0,2,4,19,85,136,843,0,2517,3606
"KERALA","2006",0,0,0,0,1,20,62,0,168,0,2182,2433
"MADHYA PRADESH","2006",0,1,2,6,42,16,102,50,753,0,1102,2074
"MAHARASHTRA","2006",1,1,2,7,24,45,421,171,430,390,5985,7477
"MANIPUR","2006",0,0,0,0,0,0,3,2,40,0,191,236
"MEGHALAYA","2006",0,0,0,2,3,4,30,0,4,0,83,126
"MIZORAM","2006",0,0,0,0,0,0,0,0,0,0,0,0
"NAGALAND","2006",0,0,0,0,2,0,1,0,0,0,18,21
"ODISHA","2006",0,0,2,7,3,28,197,40,0,0,2392,2669
"PUNJAB","2006",0,0,0,0,0,21,48,106,240,0,1100,1515
"RAJASTHAN","2006",0,0,0,0,0,0,98,39,45,0,2044,2226
"SIKKIM","2006",0,0,0,2,0,8,23,1,1,0,143,178
"TAMIL NADU","2006",3,1,1,25,38,158,1331,0,526,35,7943,10061
"TRIPURA","2006",0,0,0,0,2,1,20,11,0,0,627,661
"UTTAR PRADESH","2006",0,0,1,9,26,11,127,0,104,0,1852,2130
"UTTARAKHAND","2006",1,0,0,3,7,1,31,0,28,0,580,651
"WEST BENGAL","2006",0,1,0,2,9,17,127,108,7,0,1169,1440
"TOTAL (STATES)","2006",6,6,10,83,195,404,3013,1736,4046,1757,36199,47455
"A & N ISLANDS","2006",0,0,0,0,0,3,11,6,15,0,92,127
"CHANDIGARH","2006",0,0,0,0,0,0,21,9,11,0,220,261
"D & N HAVELI","2006",0,0,0,0,0,0,2,0,3,0,4,9
"DAMAN & DIU","2006",0,0,0,0,0,0,0,0,0,0,0,0
"DELHI","2006",0,1,0,3,25,74,167,481,804,0,1943,3498
"LAKSHADWEEP","2006",0,0,0,0,0,0,0,0,1,0,15,16
"PUDUCHERRY","2006",0,0,0,2,1,1,2,2,6,0,84,98
"TOTAL (UTs)","2006",0,1,0,5,26,78,203,498,840,0,2358,4009
"TOTAL (ALL-INDIA)","2006",6,7,10,88,221,482,3216,2234,4886,1757,38557,51464
"ANDHRA PRADESH","2007",1,1,2,7,2,2,28,0,33,0,1093,1169
"ARUNACHAL PRADESH","2007",0,0,0,0,0,2,5,6,11,0,259,283
"ASSAM","2007",0,0,0,0,0,0,20,5,16,16,331,388
"BIHAR","2007",0,0,0,4,5,1,44,27,30,0,897,1008
"CHHATTISGARH","2007",0,0,0,1,30,11,56,15,78,0,924,1115
"GOA","2007",0,0,0,0,1,7,12,3,121,0,264,408
"GUJARAT","2007",0,0,0,0,0,11,45,226,476,0,1716,2474
"HARYANA","2007",0,0,0,0,0,4,28,72,58,0,958,1120
"HIMACHAL PRADESH","2007",0,0,0,2,6,11,17,15,40,0,513,604
"JAMMU & KASHMIR","2007",0,1,0,4,11,14,41,12,112,1298,0,1493
"JHARKHAND","2007",1,2,0,4,4,10,53,16,210,0,1569,1869
"KARNATAKA","2007",0,0,0,2,4,21,86,141,857,0,2590,3701
"KERALA","2007",0,0,0,0,1,20,63,0,164,0,2185,2433
"MADHYA PRADESH","2007",0,0,0,0,0,0,0,0,0,0,0,0
"MAHARASHTRA","2007",1,1,4,4,28,44,358,296,420,571,7370,9097
"MANIPUR","2007",0,0,0,0,0,3,3,2,39,0,413,460
"MEGHALAYA","2007",0,0,0,2,2,2,8,5,3,0,153,175
"MIZORAM","2007",0,0,0,0,0,0,0,0,0,0,0,0
"NAGALAND","2007",0,0,0,0,2,0,1,2,3,0,46,54
"ODISHA","2007",0,1,1,10,5,21,287,40,2,0,2725,3092
"PUNJAB","2007",0,0,0,0,0,21,48,106,240,0,1100,1515
"RAJASTHAN","2007",0,1,0,9,23,11,101,38,53,0,2425,2661
"SIKKIM","2007",0,0,0,2,2,10,21,1,0,0,140,176
"TAMIL NADU","2007",3,1,1,31,15,196,1412,0,588,35,7943,10225
"TRIPURA","2007",0,0,0,1,2,6,24,38,0,0,587,658
"UTTAR PRADESH","2007",0,1,1,14,14,13,127,0,104,0,1621,1895
"UTTARAKHAND","2007",1,0,0,3,7,2,33,0,60,0,795,901
"WEST BENGAL","2007",0,1,0,2,7,18,134,112,7,0,1299,1580
"TOTAL (STATES)","2007",7,10,9,102,171,461,3055,1178,3725,1920,39916,50554
"A & N ISLANDS","2007",0,0,0,0,0,4,11,9,17,0,162,203
"CHANDIGARH","2007",0,0,0,0,0,0,21,9,11,0,220,261
"D & N HAVELI","2007",0,0,0,0,0,0,2,0,3,0,4,9
"DAMAN & DIU","2007",0,0,0,0,0,0,0,0,0,0,0,0
"DELHI","2007",1,0,0,3,25,73,172,511,666,0,1928,3379
"LAKSHADWEEP","2007",0,0,0,0,0,0,0,0,1,0,15,16
"PUDUCHERRY","2007",0,0,0,2,1,1,2,2,6,0,150,164
"TOTAL (UTs)","2007",1,0,0,5,26,78,208,531,704,0,2479,4032
"TOTAL (ALL-INDIA)","2007",8,10,9,107,197,539,3263,1709,4429,1920,42395,54586
"ANDHRA PRADESH","2008",2,1,1,7,2,2,37,1,57,0,1254,1364
"ARUNACHAL PRADESH","2008",0,0,0,0,0,2,5,6,11,0,354,378
"ASSAM","2008",0,0,0,0,0,0,20,14,8,13,294,349
"BIHAR","2008",0,0,1,1,2,1,47,33,33,0,951,1069
"CHHATTISGARH","2008",0,0,0,1,15,11,54,24,78,0,934,1117
"GOA","2008",0,0,0,0,2,6,12,3,119,0,265,407
"GUJARAT","2008",0,0,0,0,0,1,12,186,288,0,1021,1508
"HARYANA","2008",0,0,0,4,5,16,73,64,53,0,1657,1872
"HIMACHAL PRADESH","2008",0,0,0,5,5,12,12,13,48,0,642,737
"JAMMU & KASHMIR","2008",0,1,0,4,14,17,39,23,127,1695,220,2140
"JHARKHAND","2008",1,2,0,6,7,0,0,0,0,0,0,16
"KARNATAKA","2008",1,1,1,3,12,30,35,53,380,0,1272,1788
"KERALA","2008",0,0,0,0,1,19,70,0,164,0,2486,2740
"MADHYA PRADESH","2008",0,3,2,9,51,21,149,62,308,0,1292,1897
"MAHARASHTRA","2008",1,1,4,5,34,74,385,155,322,446,5863,7290
"MANIPUR","2008",0,0,0,0,0,3,4,4,39,0,411,461
"MEGHALAYA","2008",0,0,0,2,2,9,7,2,2,0,165,189
"MIZORAM","2008",0,0,0,0,0,0,0,0,0,0,0,0
"NAGALAND","2008",0,0,0,0,2,0,2,4,7,0,72,87
"ODISHA","2008",0,1,1,8,7,32,272,38,3,0,2902,3264
"PUNJAB","2008",0,0,0,0,0,21,52,116,194,0,1077,1460
"RAJASTHAN","2008",0,1,0,10,25,11,98,40,58,0,3318,3561
"SIKKIM","2008",0,0,0,2,1,10,21,1,1,0,143,179
"TAMIL NADU","2008",3,2,0,31,15,100,1331,0,588,35,5623,7728
"TRIPURA","2008",0,0,0,1,2,6,32,38,0,0,582,661
"UTTAR PRADESH","2008",0,1,1,17,34,11,327,0,73,0,1942,2406
"UTTARAKHAND","2008",0,0,1,2,9,2,27,0,38,0,1168,1247
"WEST BENGAL","2008",0,1,0,2,9,22,140,114,7,0,2002,2297
"TOTAL (STATES)","2008",8,15,12,120,256,439,3263,994,3006,2189,37910,48212
"A & N ISLANDS","2008",0,0,0,0,0,4,11,9,17,0,168,209
"CHANDIGARH","2008",0,0,0,0,0,0,21,9,11,0,220,261
"D & N HAVELI","2008",0,0,0,0,0,0,2,0,3,0,4,9
"DAMAN & DIU","2008",0,0,0,0,0,0,0,0,0,0,0,0
"DELHI","2008",0,1,1,4,25,74,169,512,690,0,1975,3451
"LAKSHADWEEP","2008",0,0,0,0,0,0,0,0,1,0,15,16
"PUDUCHERRY","2008",0,0,0,2,1,1,2,2,6,0,150,164
"TOTAL (UTs)","2008",0,1,1,6,26,79,205,532,728,0,2532,4110
"TOTAL (ALL-INDIA)","2008",8,16,13,126,282,518,3468,1526,3734,2189,40442,52322
"ANDHRA PRADESH","2009",2,2,2,2,2,2,39,1,69,0,1221,1342
"ARUNACHAL PRADESH","2009",0,0,0,0,0,2,5,6,11,0,449,473
"ASSAM","2009",0,0,0,0,0,0,20,14,8,13,294,349
"BIHAR","2009",0,1,2,5,11,1,47,33,34,0,951,1085
"CHHATTISGARH","2009",0,0,0,1,15,11,54,24,78,0,934,1117
"GOA","2009",0,0,0,0,2,6,13,3,119,0,283,426
"GUJARAT","2009",1,0,1,3,4,3,37,183,319,0,1085,1636
"HARYANA","2009",0,0,0,4,7,22,76,71,52,0,1472,1704
"HIMACHAL PRADESH","2009",0,0,0,5,4,14,9,11,60,0,1061,1164
"JAMMU & KASHMIR","2009",0,1,1,3,14,27,88,49,131,1339,107,1760
"JHARKHAND","2009",1,1,2,1,3,6,53,57,116,0,1694,1934
"KARNATAKA","2009",1,0,2,3,12,31,102,186,942,0,3368,4647
"KERALA","2009",0,0,0,0,1,21,74,0,148,0,2492,2736
"MADHYA PRADESH","2009",0,3,2,9,51,21,149,62,308,0,1292,1897
"MAHARASHTRA","2009",2,1,3,10,33,81,401,239,481,1402,10160,12813
"MANIPUR","2009",0,0,0,0,0,3,4,4,139,0,387,537
"MEGHALAYA","2009",0,0,0,2,2,9,7,2,5,0,164,191
"MIZORAM","2009",0,0,0,0,0,0,0,0,0,0,0,0
"NAGALAND","2009",0,0,0,0,1,0,3,5,5,0,52,66
"ODISHA","2009",0,1,3,10,11,65,176,88,4,0,2786,3144
"PUNJAB","2009",0,0,0,0,0,24,44,122,223,0,1379,1792
"RAJASTHAN","2009",0,1,1,2,22,8,100,39,65,0,4206,4444
"SIKKIM","2009",0,0,0,2,2,10,21,1,0,0,143,179
"TAMIL NADU","2009",3,2,1,30,15,93,1331,0,588,0,5623,7686
"TRIPURA","2009",0,0,0,3,1,5,32,51,8,0,600,700
"UTTAR PRADESH","2009",0,0,4,17,37,11,327,0,73,0,1942,2411
"UTTARAKHAND","2009",0,0,0,5,9,1,29,0,44,0,1248,1336
"WEST BENGAL","2009",0,1,0,5,11,24,151,113,7,0,2037,2349
"TOTAL (STATES)","2009",10,14,24,122,270,501,3392,1364,4037,2754,47430,59918
"A & N ISLANDS","2009",0,0,0,0,0,4,11,1,26,0,193,235
"CHANDIGARH","2009",0,0,0,0,0,8,19,7,16,0,450,500
"D & N HAVELI","2009",0,0,0,0,0,0,2,0,3,0,4,9
"DAMAN & DIU","2009",0,0,0,0,0,0,0,0,0,0,0,0
"DELHI","2009",0,0,0,3,33,76,167,601,865,0,2877,4622
"LAKSHADWEEP","2009",0,0,0,0,0,0,0,0,1,0,15,16
"PUDUCHERRY","2009",0,0,0,1,1,1,4,0,8,0,141,156
"TOTAL (UTs)","2009",0,0,0,4,34,89,203,609,919,0,3680,5538
"TOTAL (ALL-INDIA)","2009",10,14,24,126,304,590,3595,1973,4956,2754,51110,65456
"ANDHRA PRADESH","2010",2,2,7,2,3,8,62,33,150,0,1743,2012
"ARUNACHAL PRADESH","2010",0,0,0,0,0,2,5,6,11,0,449,473
"ASSAM","2010",0,0,0,0,0,0,20,14,8,13,294,349
"BIHAR","2010",0,1,2,5,11,1,107,33,34,0,960,1154
"CHHATTISGARH","2010",0,0,0,4,26,47,47,25,95,0,1636,1880
"GOA","2010",0,1,0,0,2,6,14,1,126,0,279,429
"GUJARAT","2010",1,0,1,3,6,5,102,208,469,0,1408,2203
"HARYANA","2010",0,0,0,0,0,22,76,71,80,0,1669,1918
"HIMACHAL PRADESH","2010",0,0,1,5,3,17,10,18,73,0,1047,1174
"JAMMU & KASHMIR","2010",0,1,0,5,14,28,69,55,139,566,1392,2269
"JHARKHAND","2010",0,1,3,3,6,6,41,47,142,0,2132,2381
"KARNATAKA","2010",0,0,0,0,0,0,0,0,0,0,0,0
"KERALA","2010",0,0,0,0,1,21,74,0,148,0,2495,2739
"MADHYA PRADESH","2010",1,4,3,6,57,48,192,61,299,0,1661,2332
"MAHARASHTRA","2010",1,2,2,16,33,89,0,204,474,1340,9857,12018
"MANIPUR","2010",0,0,0,0,0,1,75,80,116,0,334,606
"MEGHALAYA","2010",0,0,0,2,2,8,8,2,5,0,152,179
"MIZORAM","2010",0,0,0,1,7,17,108,98,141,0,165,537
"NAGALAND","2010",0,0,0,0,1,0,3,5,5,0,52,66
"ODISHA","2010",0,1,4,8,8,75,308,84,4,0,2789,3281
"PUNJAB","2010",0,0,0,0,0,24,44,122,223,0,2121,2534
"RAJASTHAN","2010",0,0,0,0,0,9,137,39,69,0,4161,4415
"SIKKIM","2010",0,0,0,3,8,16,10,0,9,0,139,185
"TAMIL NADU","2010",2,3,1,29,80,128,1503,0,3150,2320,7579,14795
"TRIPURA","2010",0,0,0,3,3,5,31,51,8,0,600,701
"UTTAR PRADESH","2010",0,2,2,22,45,10,320,0,70,0,1935,2406
"UTTARAKHAND","2010",0,0,0,10,9,1,88,0,60,0,1368,1536
"WEST BENGAL","2010",0,0,1,3,7,38,164,116,7,0,1998,2334
"TOTAL (STATES)","2010",7,18,27,130,332,632,3618,1373,6115,4239,50415,66906
"A & N ISLANDS","2010",0,0,0,0,0,4,15,1,25,0,229,274
"CHANDIGARH","2010",0,0,0,0,0,14,20,3,15,0,563,615
"D & N HAVELI","2010",0,0,0,0,0,0,2,0,3,0,4,9
"DAMAN & DIU","2010",0,0,0,0,0,0,0,0,0,0,0,0
"DELHI","2010",1,0,1,4,25,74,138,342,520,0,3572,4677
"LAKSHADWEEP","2010",0,0,0,0,0,0,0,0,1,0,15,16
"PUDUCHERRY","2010",0,0,0,0,1,1,4,0,8,0,141,155
"TOTAL (UTs)","2010",1,0,1,4,26,93,179,346,572,0,4524,5746
"TOTAL (ALL-INDIA)","2010",8,18,28,134,358,725,3797,1719,6687,4239,54939,72652
"ANDHRA PRADESH","2011",0,0,0,0,0,5,54,21,166,69,1614,1929
"ARUNACHAL PRADESH","2011",0,0,0,0,0,5,17,2,18,0,368,410
"ASSAM","2011",0,0,0,0,0,0,20,14,8,13,294,349
"BIHAR","2011",0,1,2,3,8,10,129,38,58,0,1244,1493
"CHHATTISGARH","2011",0,0,0,6,24,47,49,35,111,0,1671,1943
"GOA","2011",0,0,0,0,2,7,15,1,148,0,311,484
"GUJARAT","2011",1,0,1,3,6,6,105,255,522,0,1605,2504
"HARYANA","2011",0,0,1,3,22,26,93,97,90,0,2238,2570
"HIMACHAL PRADESH","2011",0,0,1,7,4,14,12,24,78,0,1280,1420
"JAMMU & KASHMIR","2011",1,0,0,5,14,31,69,50,259,644,1322,2395
"JHARKHAND","2011",2,0,3,3,8,4,58,74,165,0,2145,2462
"KARNATAKA","2011",1,1,0,9,16,30,74,181,474,0,2827,3613
"KERALA","2011",0,0,0,0,1,21,74,0,148,0,2495,2739
"MADHYA PRADESH","2011",1,4,3,7,71,29,180,89,263,0,1694,2341
"MAHARASHTRA","2011",2,3,1,15,33,93,669,1072,2884,3871,15576,24219
"MANIPUR","2011",0,0,0,0,0,0,77,81,138,0,389,685
"MEGHALAYA","2011",0,0,0,2,5,14,46,2,5,0,152,226
"MIZORAM","2011",0,0,0,0,0,0,0,0,0,0,0,0
"NAGALAND","2011",0,0,0,0,1,0,3,5,5,0,52,66
"ODISHA","2011",0,2,4,8,15,77,316,79,7,14,3153,3675
"PUNJAB","2011",0,2,0,6,19,26,46,112,243,0,2303,2757
"RAJASTHAN","2011",0,1,1,13,43,9,144,39,119,0,5329,5698
"SIKKIM","2011",0,0,0,3,9,16,10,0,8,0,139,185
"TAMIL NADU","2011",2,3,1,29,80,199,1424,0,3107,2860,8159,15864
"TRIPURA","2011",0,0,0,3,3,5,31,51,8,0,600,701
"UTTAR PRADESH","2011",0,3,2,22,59,9,212,0,112,0,1935,2354
"UTTARAKHAND","2011",0,0,0,6,10,1,63,0,61,0,1395,1536
"WEST BENGAL","2011",0,0,1,2,10,50,172,160,0,0,1947,2342
"TOTAL (STATES)","2011",10,20,21,155,463,734,4162,2482,9205,7471,62237,86960
"A & N ISLANDS","2011",0,0,0,0,0,4,15,2,39,0,330,390
"CHANDIGARH","2011",0,0,0,0,0,13,21,2,12,0,937,985
"D & N HAVELI","2011",0,0,0,0,0,0,2,0,3,0,4,9
"DAMAN & DIU","2011",0,0,0,0,0,0,0,0,0,0,0,0
"DELHI","2011",1,0,1,7,21,85,268,607,768,0,3598,5356
"LAKSHADWEEP","2011",0,0,0,0,0,0,1,0,0,0,15,16
"PUDUCHERRY","2011",0,0,0,0,1,2,10,3,3,0,142,161
"TOTAL (UTs)","2011",1,0,1,7,22,104,317,614,825,0,5026,6917
"TOTAL (ALL-INDIA)","2011",11,20,22,162,485,838,4479,3096,10030,7471,67263,93877
"ANDHRA PRADESH","2012",0,0,0,0,0,29,54,54,548,0,1521,2206
"ARUNACHAL PRADESH","2012",0,0,0,2,0,5,17,5,14,0,364,407
"ASSAM","2012",0,0,0,0,0,0,60,39,84,3,375,561
"BIHAR","2012",0,4,1,9,9,8,117,55,130,0,1991,2324
"CHHATTISGARH","2012",0,0,0,8,23,57,35,40,130,0,1720,2013
"GOA","2012",0,0,0,0,2,7,15,1,148,0,311,484
"GUJARAT","2012",1,0,1,6,24,6,100,254,565,0,1574,2531
"HARYANA","2012",0,0,1,7,28,22,92,103,206,0,2067,2526
"HIMACHAL PRADESH","2012",0,0,1,8,4,9,15,14,95,0,1270,1416
"JAMMU & KASHMIR","2012",1,0,0,4,27,33,75,36,219,730,1378,2503
"JHARKHAND","2012",2,0,3,2,4,16,71,74,383,0,2341,2896
"KARNATAKA","2012",0,1,0,10,17,28,87,191,533,0,2794,3661
"KERALA","2012",0,0,0,0,1,24,74,0,150,0,2495,2744
"MADHYA PRADESH","2012",2,4,3,7,75,31,198,114,282,0,1730,2446
"MAHARASHTRA","2012",2,3,0,12,33,95,193,225,607,2242,13724,17136
"MANIPUR","2012",0,0,0,0,0,0,82,81,150,0,1045,1358
"MEGHALAYA","2012",0,0,0,4,1,11,67,10,21,0,230,344
"MIZORAM","2012",0,1,0,1,10,20,115,97,147,0,168,559
"NAGALAND","2012",0,0,0,0,1,0,2,4,5,0,52,64
"ODISHA","2012",0,2,5,6,11,84,398,87,8,20,3154,3775
"PUNJAB","2012",0,3,1,7,23,27,85,77,289,0,4333,4845
"RAJASTHAN","2012",0,4,2,11,41,10,146,35,92,0,5411,5752
"SIKKIM","2012",0,0,0,3,9,16,10,0,8,0,139,185
"TAMIL NADU","2012",2,1,1,38,62,227,1575,0,0,0,14297,16203
"TRIPURA","2012",0,0,0,3,1,5,43,52,42,16,610,772
"UTTAR PRADESH","2012",0,3,2,14,76,4,210,0,110,0,6069,6488
"UTTARAKHAND","2012",0,0,0,7,10,1,79,0,41,0,1381,1519
"WEST BENGAL","2012",0,0,0,1,0,12,180,154,0,0,1993,2340
"TOTAL (STATES)","2012",10,26,21,170,492,787,4195,1802,5007,3011,74537,90058
"A & N ISLANDS","2012",0,0,0,1,0,9,9,2,42,0,380,443
"CHANDIGARH","2012",0,0,0,0,0,15,17,6,12,0,927,977
"D & N HAVELI","2012",0,0,0,0,0,0,2,0,3,0,4,9
"DAMAN & DIU","2012",0,0,0,0,0,0,0,0,0,0,0,0
"DELHI","2012",0,1,0,4,20,72,213,346,558,0,3616,4830
"LAKSHADWEEP","2012",0,0,0,0,0,0,1,0,1,0,14,16
"PUDUCHERRY","2012",0,0,0,1,1,2,11,3,2,0,148,168
"TOTAL (UTs)","2012",0,1,0,6,21,98,253,357,618,0,5089,6443
"TOTAL (ALL-INDIA)","2012",10,27,21,176,513,885,4448,2159,5625,3011,79626,96501
